id,name,surname,pseudo,mail,password
1,Casey,PHILIPPE,Casey,casey.philippe@ynov-super-school.com,password
2,Emma,RICHARD,Richard Emma,emma.richard@ynov-super-school.com,password
3,Liam,THOMAS,Thomas Liam,liam.thomas@ynov-super-school.com,password
4,Morgan,GARCIA,MORGAN GARCIA,morgan.garcia@ynov-super-school.com,password
5,Maria,MARTIN,MARIA MARTIN,maria.martin@ynov-super-school.com,password
7,Sam,PHILIPPE,Philippe Sam,sam.philippe@ynov-super-school.com,password
8,Chris,ROBERT,Chris Rob3rt,chris.robert@ynov-super-school.com,password
9,Liam,GIRARD,Liam Girard,liam.girard@ynov-super-school.com,password
11,Isabella,ROBERT,Isabella R.,isabella.robert@ynov-super-school.com,password
13,Liam,FAURE,L. Faure,liam.faure@ynov-super-school.com,password
14,Ethan,MOREAU,Ethan M.,ethan.moreau@ynov-super-school.com,password
15,Eric,BIANCHI,Eric Bianchi,eric.bianchi@ynov-super-school.com,password
17,Sarah,LEROY,Sarah L3roy,sarah.leroy@ynov-super-school.com,password
18,Emma,THOMAS,Emma Thomas,emma.thomas@ynov-super-school.com,password
19,Noah,BIANCHI,Noah B.,noah.bianchi@ynov-super-school.com,password
20,Paul,BERNARD,paul bernard,paul.bernard@ynov-super-school.com,password
21,Chris,GARNIER,Chris Garnier,chris.garnier@ynov-super-school.com,password
22,Morgan,ROUSSEAU,Rousseau Morgan,morgan.rousseau@ynov-super-school.com,password
23,Luc,ANDRE,Luc Andre,luc.andre@ynov-super-school.com,password
24,Mila,SCHMIDT,Mila,mila.schmidt@ynov-super-school.com,password
26,Lena,CLEMENT,L. Clement,lena.clement@ynov-super-school.com,password
27,Casey,KIM,Cas3y Kim,casey.kim@ynov-super-school.com,password
28,Julien,MARTIN,julien martin,julien.martin@ynov-super-school.com,password
29,Isabella,LAURENT,Isabella,isabella.laurent@ynov-super-school.com,password
30,Maya,NAKAMURA,MAYA. NAKAMURA,maya.nakamura@ynov-super-school.com,password
33,Taylor,DURAND,TAYLOR DURAND,taylor.durand@ynov-super-school.com,password
34,Liam,BIANCHI,Liam B.,liam.bianchi@ynov-super-school.com,password
35,Sofia,MARTIN,S. Martin,sofia.martin@ynov-super-school.com,password
36,Liam,KOVACS,liam kovacs,liam.kovacs@ynov-super-school.com,password
37,Morgan,GARNIER,Garnier Morgan,morgan.garnier@ynov-super-school.com,password
38,Emma,FAURE,E. Faure,emma.faure@ynov-super-school.com,password
40,Antoine,ROUSSEAU,Antoine Rousseau,antoine.rousseau@ynov-super-school.com,password
41,Noah,GARCIA,Noah,noah.garcia@ynov-super-school.com,password
42,Emma,SILVA,Silva Emma,emma.silva@ynov-super-school.com,password
43,Taylor,ANDRE,Taylor A.,taylor.andre@ynov-super-school.com,password
46,Lena,GARNIER,Garnier Lena,lena.garnier@ynov-super-school.com,password
47,Emma,KIM,E. Kim,emma.kim@ynov-super-school.com,password
48,Isabella,RICHARD,I. Richard,isabella.richard@ynov-super-school.com,password
49,Pierre,MULLER,Pierre Muller,pierre.muller@ynov-super-school.com,password
50,Jordan,RICHARD,Jordan Richard,jordan.richard@ynov-super-school.com,password
51,Sam,SCHMIDT,Sam Schmidt,sam.schmidt@ynov-super-school.com,password
53,Emma,MARTIN,EMMA MARTIN,emma.martin@ynov-super-school.com,password
54,Noah,KIM,Noah K.,noah.kim@ynov-super-school.com,password
55,Olivia,NAKAMURA,O. Nakamura,olivia.nakamura@ynov-super-school.com,password
56,Pierre,ROBERT,Robert Pierre,pierre.robert@ynov-super-school.com,password
57,Youssef,GARNIER,Youssef Garnier,youssef.garnier@ynov-super-school.com,password
58,Lena,THOMAS,Lena T.,lena.thomas@ynov-super-school.com,password
59,Mila,THOMAS,mila thomas,mila.thomas@ynov-super-school.com,password
61,Isabella,CLEMENT,I. Clement,isabella.clement@ynov-super-school.com,password
62,Mila,ROSSI,Mila Rossi,mila.rossi@ynov-super-school.com,password
64,Ethan,GARNIER,ethan. garnier,ethan.garnier@ynov-super-school.com,password
65,Antoine,RICHARD,ANTOINE RICHARD,antoine.richard@ynov-super-school.com,password
66,Jamie,GIRARD,Jamie Girard,jamie.girard@ynov-super-school.com,password
68,Jordan,KOVACS,Jordan Kovacs,jordan.kovacs@ynov-super-school.com,password
69,Casey,THOMAS,Casey T.,casey.thomas@ynov-super-school.com,password
71,Sarah,ANDRE,SARAH ANDRE,sarah.andre@ynov-super-school.com,password
72,Taylor,GARNIER,Taylor,taylor.garnier@ynov-super-school.com,password
74,Lena,GIRARD,Girard Lena,lena.girard@ynov-super-school.com,password
75,Mila,CLEMENT,Mila,mila.clement@ynov-super-school.com,password
76,Eric,GARCIA,E. Garcia,eric.garcia@ynov-super-school.com,password
77,Casey,GARCIA,Casey G.,casey.garcia@ynov-super-school.com,password
81,Sofia,BLANC,Sofia B.,sofia.blanc@ynov-super-school.com,password
82,Leo,FAURE,L3o Faur3,leo.faure@ynov-super-school.com,password
83,Eric,ROSSI,Rossi Eric,eric.rossi@ynov-super-school.com,password
84,Mila,GIRARD,Mila G.,mila.girard@ynov-super-school.com,password
85,Lucas,GIRARD,Lucas Girard,lucas.girard@ynov-super-school.com,password
86,Morgan,KOVACS,Kovacs. Morgan,morgan.kovacs@ynov-super-school.com,password
89,Mateo,THOMAS,mateo thomas,mateo.thomas@ynov-super-school.com,password
90,Antoine,BIANCHI,Bianchi Antoine,antoine.bianchi@ynov-super-school.com,password
91,Leo,CLEMENT,Leo,leo.clement@ynov-super-school.com,password
93,Eric,ANDRE,eric andre,eric.andre@ynov-super-school.com,password
94,Pierre,MOREL,Pierre,pierre.morel@ynov-super-school.com,password
96,Antoine,NAKAMURA,Antoin3 Nakamura,antoine.nakamura@ynov-super-school.com,password
99,Olivia,MARTIN,O. Martin,olivia.martin@ynov-super-school.com,password
100,Chris,ROSSI,chris rossi,chris.rossi@ynov-super-school.com,password
105,Mohamed,CLEMENT,mohamed clement,mohamed.clement@ynov-super-school.com,password
107,Diego,KOVACS,D. Kovacs,diego.kovacs@ynov-super-school.com,password
108,Ava,BLANC,Ava B.,ava.blanc@ynov-super-school.com,password
111,Mateo,SILVA,mateo silva,mateo.silva@ynov-super-school.com,password
112,Chloe,GARNIER,CHLOE GARNIER,chloe.garnier@ynov-super-school.com,password
113,Antoine,FAURE,Antoine Faure,antoine.faure@ynov-super-school.com,password
115,Casey,RICHARD,Richard Casey,casey.richard@ynov-super-school.com,password
116,Liam,MARTIN,liam martin,liam.martin@ynov-super-school.com,password
118,Ethan,CLEMENT,ETHAN CLEMENT,ethan.clement@ynov-super-school.com,password
119,Liam,MERCIER,Liam M.,liam.mercier@ynov-super-school.com,password
120,Liam,PHILIPPE,L. Philippe,liam.philippe@ynov-super-school.com,password
121,Taylor,SILVA,Taylor Silva,taylor.silva@ynov-super-school.com,password
123,Taylor,NAKAMURA,Taylor,taylor.nakamura@ynov-super-school.com,password
125,Paul,MARTIN,P. Martin,paul.martin@ynov-super-school.com,password
126,Carlos,RICHARD,Carlos,carlos.richard@ynov-super-school.com,password
127,Emma,GARCIA,Emma,emma.garcia@ynov-super-school.com,password
129,Maria,THOMAS,Maria T.,maria.thomas@ynov-super-school.com,password
131,Mohamed,RICHARD,MOHAMED RICHARD,mohamed.richard@ynov-super-school.com,password
133,Julie,ROBERT,Julie R.,julie.robert@ynov-super-school.com,password
134,Morgan,BERNARD,Morgan,morgan.bernard@ynov-super-school.com,password
136,Sarah,BLANC,sarah blanc,sarah.blanc@ynov-super-school.com,password
137,Lena,KOVACS,L. Kovacs,lena.kovacs@ynov-super-school.com,password
138,Jordan,GARCIA,Jordan G.,jordan.garcia@ynov-super-school.com,password
139,Morgan,DURAND,Durand Morgan,morgan.durand@ynov-super-school.com,password
141,Paul,SCHMIDT,Paul,paul.schmidt@ynov-super-school.com,password
142,Morgan,RICHARD,morgan richard,morgan.richard@ynov-super-school.com,password
143,Mateo,ROBERT,M. Robert,mateo.robert@ynov-super-school.com,password
144,Maria,FAURE,M. Faure,maria.faure@ynov-super-school.com,password
145,Jamie,BLANC,JAMIE. BLANC,jamie.blanc@ynov-super-school.com,password
146,Lucas,MOREAU,lucas moreau,lucas.moreau@ynov-super-school.com,password
147,Lena,RICHARD,Lena Richard,lena.richard@ynov-super-school.com,password
149,Isabella,BERNARD,ISABELLA BERNARD,isabella.bernard@ynov-super-school.com,password
150,Jordan,LOPEZ,Jordan,jordan.lopez@ynov-super-school.com,password
151,Maria,MULLER,Maria M.,maria.muller@ynov-super-school.com,password
152,Eric,MARTIN,Eric,eric.martin@ynov-super-school.com,password
153,Hugo,PETIT,Hugo,hugo.petit@ynov-super-school.com,password
154,Julie,MOREL,Julie,julie.morel@ynov-super-school.com,password
155,Mohamed,ROBERT,Mohamed Robert,mohamed.robert@ynov-super-school.com,password
156,Camille,NAKAMURA,C. Nakamura,camille.nakamura@ynov-super-school.com,password
158,Julien,PHILIPPE,Julien Philippe,julien.philippe@ynov-super-school.com,password
159,Julien,MOREAU,julien moreau,julien.moreau@ynov-super-school.com,password
160,Lena,LAURENT,lena laurent,lena.laurent@ynov-super-school.com,password
161,Sarah,SILVA,S. Silva,sarah.silva@ynov-super-school.com,password
162,Isabella,GARCIA,Garcia Isabella,isabella.garcia@ynov-super-school.com,password
163,Youssef,THOMAS,Thomas Youssef,youssef.thomas@ynov-super-school.com,password
165,Noah,DURAND,Noah D.,noah.durand@ynov-super-school.com,password
167,Maria,DURAND,MARIA DURAND,maria.durand@ynov-super-school.com,password
168,Pierre,DURAND,Pierre,pierre.durand@ynov-super-school.com,password
169,Jordan,MERCIER,J. Mercier,jordan.mercier@ynov-super-school.com,password
170,Mohamed,GIRARD,M. Girard,mohamed.girard@ynov-super-school.com,password
171,Diego,PETIT,Diego P.,diego.petit@ynov-super-school.com,password
172,Jordan,GIRARD,jordan girard,jordan.girard@ynov-super-school.com,password
173,Chris,KOVACS,Chris,chris.kovacs@ynov-super-school.com,password
175,Ava,MARTIN,Ava Martin,ava.martin@ynov-super-school.com,password
177,Casey,NAKAMURA,Nakamura. Casey,casey.nakamura@ynov-super-school.com,password
178,Olivia,RICHARD,Olivia,olivia.richard@ynov-super-school.com,password
180,Sam,ANDRE,Sam Andre,sam.andre@ynov-super-school.com,password
181,Chris,BLANC,C. Blanc,chris.blanc@ynov-super-school.com,password
182,Ethan,MERCIER,Ethan M.,ethan.mercier@ynov-super-school.com,password
183,Diego,LEROY,Leroy Diego,diego.leroy@ynov-super-school.com,password
184,Mila,ROBERT,MILA ROBERT,mila.robert@ynov-super-school.com,password
185,Pierre,RICHARD,Pierre Richard,pierre.richard@ynov-super-school.com,password
186,Mila,GARNIER,MILA GARNIER,mila.garnier@ynov-super-school.com,password
187,Jamie,GARCIA,Jamie G.,jamie.garcia@ynov-super-school.com,password
188,Chloe,FAURE,chloe faure,chloe.faure@ynov-super-school.com,password
189,Pierre,KIM,Kim Pierre,pierre.kim@ynov-super-school.com,password
190,Taylor,PHILIPPE,Taylor Philippe,taylor.philippe@ynov-super-school.com,password
191,Lena,ANDRE,Lena Andre,lena.andre@ynov-super-school.com,password
192,Olivia,BERNARD,Olivia,olivia.bernard@ynov-super-school.com,password
193,Taylor,CLEMENT,taylor clement,taylor.clement@ynov-super-school.com,password
194,Noah,GIRARD,NOAH GIRARD,noah.girard@ynov-super-school.com,password
196,Luc,NAKAMURA,Nakamura Luc,luc.nakamura@ynov-super-school.com,password
198,Hugo,ROUSSEAU,Hugo Rousseau,hugo.rousseau@ynov-super-school.com,password
199,Sofia,PETIT,Sofia Petit,sofia.petit@ynov-super-school.com,password
200,Ana,MULLER,Muller Ana,ana.muller@ynov-super-school.com,password
201,Maria,SILVA,Silva Maria,maria.silva@ynov-super-school.com,password
202,Chloe,ANDRE,Andre Chloe,chloe.andre@ynov-super-school.com,password
203,Diego,PHILIPPE,D. Philippe,diego.philippe@ynov-super-school.com,password
205,Morgan,NAKAMURA,MORGAN NAKAMURA,morgan.nakamura@ynov-super-school.com,password
206,Jamie,MOREAU,Jamie M.,jamie.moreau@ynov-super-school.com,password
208,Morgan,ROSSI,Morgan R.,morgan.rossi@ynov-super-school.com,password
210,Emma,LAURENT,Emma Laurent,emma.laurent@ynov-super-school.com,password
211,Ava,ROBERT,ava robert,ava.robert@ynov-super-school.com,password
212,Paul,ROBERT,PAUL ROBERT,paul.robert@ynov-super-school.com,password
214,Youssef,MOREAU,Youssef Moreau,youssef.moreau@ynov-super-school.com,password
215,Jordan,MARTIN,Jordan M.,jordan.martin@ynov-super-school.com,password
217,Emma,DURAND,Durand Emma,emma.durand@ynov-super-school.com,password
218,Eric,LEROY,Eric,eric.leroy@ynov-super-school.com,password
221,Ana,CLEMENT,Ana Clement,ana.clement@ynov-super-school.com,password
222,Sarah,CLEMENT,Sarah Clement,sarah.clement@ynov-super-school.com,password
223,Eric,BERNARD,Eric Bernard,eric.bernard@ynov-super-school.com,password
225,Riley,CLEMENT,Riley C.,riley.clement@ynov-super-school.com,password
226,Sam,MULLER,Sam Muller,sam.muller@ynov-super-school.com,password
227,Antoine,MERCIER,Mercier Antoine,antoine.mercier@ynov-super-school.com,password
230,Sam,LAURENT,Sam Laur3nt,sam.laurent@ynov-super-school.com,password
232,Sam,NAKAMURA,Sam Nakamura,sam.nakamura@ynov-super-school.com,password
233,Luc,ROBERT,Robert Luc,luc.robert@ynov-super-school.com,password
236,Isabella,NAKAMURA,isabella nakamura,isabella.nakamura@ynov-super-school.com,password
238,Riley,KIM,RILEY KIM,riley.kim@ynov-super-school.com,password
239,Hugo,KOVACS,HUGO KOVACS,hugo.kovacs@ynov-super-school.com,password
240,Leo,SCHMIDT,L. Schmidt,leo.schmidt@ynov-super-school.com,password
241,Lucas,NAKAMURA,Lucas Nakamura,lucas.nakamura@ynov-super-school.com,password
242,Julie,PHILIPPE,Julie P.,julie.philippe@ynov-super-school.com,password
243,Lucas,ROSSI,Lucas R.,lucas.rossi@ynov-super-school.com,password
245,Julie,SCHMIDT,Julie Schmidt,julie.schmidt@ynov-super-school.com,password
246,Hugo,MOREAU,Moreau Hugo,hugo.moreau@ynov-super-school.com,password
249,Sam,KOVACS,Sam K.,sam.kovacs@ynov-super-school.com,password
251,Mateo,MULLER,mateo muller,mateo.muller@ynov-super-school.com,password
252,Lena,ROUSSEAU,Lena R.,lena.rousseau@ynov-super-school.com,password
254,Liam,RICHARD,Richard Liam,liam.richard@ynov-super-school.com,password
255,Alex,GARCIA,Al3x Garcia,alex.garcia@ynov-super-school.com,password
256,Mateo,GARNIER,Mateo Garnier,mateo.garnier@ynov-super-school.com,password
257,Paul,MOREAU,Paul Mor3au,paul.moreau@ynov-super-school.com,password
258,Taylor,BIANCHI,taylor bianchi,taylor.bianchi@ynov-super-school.com,password
259,Emma,ROUSSEAU,Emma R.,emma.rousseau@ynov-super-school.com,password
260,Carlos,GARNIER,Carlos Garni3r,carlos.garnier@ynov-super-school.com,password
261,Maria,LEROY,Maria,maria.leroy@ynov-super-school.com,password
262,Alex,BERNARD,Alex,alex.bernard@ynov-super-school.com,password
263,Mila,PETIT,Petit Mila,mila.petit@ynov-super-school.com,password
265,Sam,BERNARD,Sam B3rnard,sam.bernard@ynov-super-school.com,password
267,Luc,ROSSI,luc rossi,luc.rossi@ynov-super-school.com,password
268,Pierre,BLANC,PIERRE BLANC,pierre.blanc@ynov-super-school.com,password
270,Casey,GARNIER,Casey G.,casey.garnier@ynov-super-school.com,password
271,Olivia,ROBERT,Olivia Robert,olivia.robert@ynov-super-school.com,password
272,Mila,DURAND,Mila,mila.durand@ynov-super-school.com,password
273,Sarah,PHILIPPE,Sarah P.,sarah.philippe@ynov-super-school.com,password
275,Maria,GARCIA,Maria Garcia,maria.garcia@ynov-super-school.com,password
276,Mateo,ROUSSEAU,Mat3o Rouss3au,mateo.rousseau@ynov-super-school.com,password
277,Sarah,MARTIN,sarah martin,sarah.martin@ynov-super-school.com,password
278,Paul,ANDRE,Paul,paul.andre@ynov-super-school.com,password
281,Chloe,GIRARD,Chloe Girard,chloe.girard@ynov-super-school.com,password
282,Chloe,GARCIA,CHLOE GARCIA,chloe.garcia@ynov-super-school.com,password
285,Sofia,CLEMENT,SOFIA CLEMENT,sofia.clement@ynov-super-school.com,password
286,Jamie,ROBERT,jamie robert,jamie.robert@ynov-super-school.com,password
287,Julie,GARCIA,Julie G.,julie.garcia@ynov-super-school.com,password
288,Julien,GARCIA,Juli3n Garcia,julien.garcia@ynov-super-school.com,password
289,Lucas,ANDRE,Lucas Andr3,lucas.andre@ynov-super-school.com,password
291,Camille,CLEMENT,Clement Camille,camille.clement@ynov-super-school.com,password
292,Eric,LAURENT,Laurent Eric,eric.laurent@ynov-super-school.com,password
293,Sofia,ROBERT,Sofia. Rob3rt,sofia.robert@ynov-super-school.com,password
294,Sarah,SCHMIDT,Schmidt Sarah,sarah.schmidt@ynov-super-school.com,password
295,Ethan,ANDRE,E. Andre,ethan.andre@ynov-super-school.com,password
296,Pierre,FAURE,Pierre,pierre.faure@ynov-super-school.com,password
297,Ana,FAURE,Ana Faur3,ana.faure@ynov-super-school.com,password
300,Leo,GARCIA,L. Garcia,leo.garcia@ynov-super-school.com,password
301,Chris,LAURENT,Laurent Chris,chris.laurent@ynov-super-school.com,password
302,Carlos,GARCIA,Carlos,carlos.garcia@ynov-super-school.com,password
303,Maya,LEROY,M. Leroy,maya.leroy@ynov-super-school.com,password
304,Chris,MULLER,CHRIS MULLER,chris.muller@ynov-super-school.com,password
305,Hugo,GARCIA,Garcia Hugo,hugo.garcia@ynov-super-school.com,password
306,Chloe,RICHARD,Chlo3 Richard,chloe.richard@ynov-super-school.com,password
308,Alex,DURAND,ALEX DURAND,alex.durand@ynov-super-school.com,password
309,Hugo,MOREL,hugo morel,hugo.morel@ynov-super-school.com,password
310,Maya,KOVACS,maya kovacs,maya.kovacs@ynov-super-school.com,password
311,Taylor,FAURE,TAYLOR FAURE,taylor.faure@ynov-super-school.com,password
312,Julie,NAKAMURA,Nakamura Julie,julie.nakamura@ynov-super-school.com,password
314,Julien,MOREL,Julien,julien.morel@ynov-super-school.com,password
315,Camille,RICHARD,Camill3 Richard,camille.richard@ynov-super-school.com,password
316,Riley,LOPEZ,R. Lopez,riley.lopez@ynov-super-school.com,password
317,Eric,NAKAMURA,E. Nakamura,eric.nakamura@ynov-super-school.com,password
318,Morgan,BIANCHI,Morgan,morgan.bianchi@ynov-super-school.com,password
319,Sarah,RICHARD,S. Richard,sarah.richard@ynov-super-school.com,password
320,Lucas,SCHMIDT,L.. Schmidt,lucas.schmidt@ynov-super-school.com,password
321,Diego,FAURE,D. Faure,diego.faure@ynov-super-school.com,password
323,Hugo,KIM,Hugo Kim,hugo.kim@ynov-super-school.com,password
325,Jamie,SCHMIDT,J. Schmidt,jamie.schmidt@ynov-super-school.com,password
326,Lena,GARCIA,Garcia Lena,lena.garcia@ynov-super-school.com,password
327,Diego,CLEMENT,Clement Diego,diego.clement@ynov-super-school.com,password
328,Ava,LEROY,Ava L3roy,ava.leroy@ynov-super-school.com,password
329,Ana,ANDRE,Ana Andre,ana.andre@ynov-super-school.com,password
330,Carlos,BLANC,Carlos Blanc,carlos.blanc@ynov-super-school.com,password
331,Isabella,FAURE,ISABELLA FAURE,isabella.faure@ynov-super-school.com,password
332,Leo,ROSSI,leo rossi,leo.rossi@ynov-super-school.com,password
334,Mila,BIANCHI,Mila B.,mila.bianchi@ynov-super-school.com,password
336,Emma,BIANCHI,Emma Bianchi,emma.bianchi@ynov-super-school.com,password
337,Diego,MOREL,Diego Morel,diego.morel@ynov-super-school.com,password
341,Emma,LEROY,Emma,emma.leroy@ynov-super-school.com,password
342,Pierre,NAKAMURA,Pierre N.,pierre.nakamura@ynov-super-school.com,password
344,Jamie,THOMAS,Thomas Jamie,jamie.thomas@ynov-super-school.com,password
345,Liam,GARNIER,Liam Garnier,liam.garnier@ynov-super-school.com,password
346,Riley,SILVA,Riley,riley.silva@ynov-super-school.com,password
347,Noah,MARTIN,Noah Martin,noah.martin@ynov-super-school.com,password
348,Julie,BLANC,julie blanc,julie.blanc@ynov-super-school.com,password
349,Paul,CLEMENT,Paul Cl3m3nt,paul.clement@ynov-super-school.com,password
350,Lena,BLANC,L. Blanc,lena.blanc@ynov-super-school.com,password
351,Jordan,ROBERT,Jordan Rob3rt,jordan.robert@ynov-super-school.com,password
352,Julie,GARNIER,Julie G.,julie.garnier@ynov-super-school.com,password
354,Alex,KOVACS,Alex K.,alex.kovacs@ynov-super-school.com,password
355,Olivia,GARNIER,Olivia Garnier,olivia.garnier@ynov-super-school.com,password
356,Mohamed,PHILIPPE,mohamed philippe,mohamed.philippe@ynov-super-school.com,password
357,Luc,LAURENT,LUC LAURENT,luc.laurent@ynov-super-school.com,password
358,Julien,KOVACS,Julien K.,julien.kovacs@ynov-super-school.com,password
359,Julie,CLEMENT,Juli3 Cl3m3nt,julie.clement@ynov-super-school.com,password
360,Maria,SCHMIDT,M. Schmidt,maria.schmidt@ynov-super-school.com,password
361,Ava,NAKAMURA,Ava Nakamura,ava.nakamura@ynov-super-school.com,password
362,Liam,MOREL,Morel Liam,liam.morel@ynov-super-school.com,password
363,Liam,MOREAU,Liam,liam.moreau@ynov-super-school.com,password
364,Sarah,MOREL,Sarah Morel,sarah.morel@ynov-super-school.com,password
365,Alex,GARNIER,Alex Garnier,alex.garnier@ynov-super-school.com,password
366,Paul,GARCIA,P. Garcia,paul.garcia@ynov-super-school.com,password
367,Camille,ROSSI,Camille Rossi,camille.rossi@ynov-super-school.com,password
368,Leo,MULLER,L. Muller,leo.muller@ynov-super-school.com,password
370,Jamie,ANDRE,JAMIE ANDRE,jamie.andre@ynov-super-school.com,password
371,Maria,PHILIPPE,Maria Philippe,maria.philippe@ynov-super-school.com,password
372,Camille,MERCIER,Camille M.,camille.mercier@ynov-super-school.com,password
373,Olivia,GARCIA,Olivia G.,olivia.garcia@ynov-super-school.com,password
375,Sarah,THOMAS,sarah thomas,sarah.thomas@ynov-super-school.com,password
376,Lena,PETIT,LENA PETIT,lena.petit@ynov-super-school.com,password
377,Jordan,MOREAU,Jordan,jordan.moreau@ynov-super-school.com,password
378,Julien,LEROY,J. Leroy,julien.leroy@ynov-super-school.com,password
380,Pierre,LEROY,Pierre,pierre.leroy@ynov-super-school.com,password
382,Julie,MOREAU,Juli3 Mor3au,julie.moreau@ynov-super-school.com,password
383,Chris,MOREL,Chris Morel,chris.morel@ynov-super-school.com,password
384,Alex,ROSSI,Al3x Rossi,alex.rossi@ynov-super-school.com,password
386,Luc,RICHARD,Luc R.,luc.richard@ynov-super-school.com,password
389,Alex,RICHARD,Al3x Richard,alex.richard@ynov-super-school.com,password
392,Riley,RICHARD,Ril3y Richard,riley.richard@ynov-super-school.com,password
393,Jamie,MOREL,Jamie M.,jamie.morel@ynov-super-school.com,password
394,Casey,MERCIER,Cas3y M3rci3r,casey.mercier@ynov-super-school.com,password
395,Noah,FAURE,N. Faure,noah.faure@ynov-super-school.com,password
397,Antoine,PETIT,Antoine,antoine.petit@ynov-super-school.com,password
398,Ava,ANDRE,Ava Andr3,ava.andre@ynov-super-school.com,password
399,Casey,BIANCHI,CASEY BIANCHI,casey.bianchi@ynov-super-school.com,password
401,Morgan,MERCIER,Morgan M3rci3r,morgan.mercier@ynov-super-school.com,password
402,Alex,KIM,Alex Kim,alex.kim@ynov-super-school.com,password
403,Chloe,MERCIER,Mercier Chloe,chloe.mercier@ynov-super-school.com,password
405,Mateo,MARTIN,M. Martin,mateo.martin@ynov-super-school.com,password
406,Ethan,SILVA,E.. Silva,ethan.silva@ynov-super-school.com,password
407,Hugo,BERNARD,H. Bernard,hugo.bernard@ynov-super-school.com,password
408,Chloe,KOVACS,Chlo3 Kovacs,chloe.kovacs@ynov-super-school.com,password
410,Casey,SCHMIDT,Cas3y Schmidt,casey.schmidt@ynov-super-school.com,password
411,Olivia,SCHMIDT,O. Schmidt,olivia.schmidt@ynov-super-school.com,password
412,Sam,ROUSSEAU,Sam,sam.rousseau@ynov-super-school.com,password
413,Maria,BLANC,Maria Blanc,maria.blanc@ynov-super-school.com,password
414,Antoine,MARTIN,Martin Antoine,antoine.martin@ynov-super-school.com,password
415,Carlos,LOPEZ,carlos lopez,carlos.lopez@ynov-super-school.com,password
416,Paul,PHILIPPE,paul philippe,paul.philippe@ynov-super-school.com,password
417,Julie,MULLER,Julie. Muller,julie.muller@ynov-super-school.com,password
419,Sarah,ROUSSEAU,Sarah Rouss3au,sarah.rousseau@ynov-super-school.com,password
420,Lena,SILVA,Lena Silva,lena.silva@ynov-super-school.com,password
421,Riley,BLANC,RILEY BLANC,riley.blanc@ynov-super-school.com,password
424,Emma,ANDRE,Emma Andre,emma.andre@ynov-super-school.com,password
425,Maria,BIANCHI,MARIA BIANCHI,maria.bianchi@ynov-super-school.com,password
426,Mohamed,FAURE,MOHAMED FAURE,mohamed.faure@ynov-super-school.com,password
427,Sarah,MULLER,SARAH MULLER,sarah.muller@ynov-super-school.com,password
430,Hugo,MULLER,Hugo Muller,hugo.muller@ynov-super-school.com,password
431,Chris,MOREAU,Chris Moreau,chris.moreau@ynov-super-school.com,password
432,Ana,RICHARD,A. Richard,ana.richard@ynov-super-school.com,password
433,Lena,MERCIER,Lena Mercier,lena.mercier@ynov-super-school.com,password
434,Maya,GARCIA,Garcia Maya,maya.garcia@ynov-super-school.com,password
436,Alex,MOREL,Al3x Mor3l,alex.morel@ynov-super-school.com,password
437,Pierre,PETIT,pierre petit,pierre.petit@ynov-super-school.com,password
438,Youssef,ROBERT,Robert Youssef,youssef.robert@ynov-super-school.com,password
439,Luc,SCHMIDT,luc schmidt,luc.schmidt@ynov-super-school.com,password
441,Emma,NAKAMURA,Emma Nakamura,emma.nakamura@ynov-super-school.com,password
442,Ava,SILVA,AVA SILVA,ava.silva@ynov-super-school.com,password
443,Emma,CLEMENT,Clement Emma,emma.clement@ynov-super-school.com,password
444,Eric,GIRARD,Eric Girard,eric.girard@ynov-super-school.com,password
446,Hugo,ROSSI,H. Rossi,hugo.rossi@ynov-super-school.com,password
449,Hugo,SILVA,Hugo Silva,hugo.silva@ynov-super-school.com,password
450,Mohamed,LOPEZ,MOHAMED LOPEZ,mohamed.lopez@ynov-super-school.com,password
451,Youssef,FAURE,Youssef Faure,youssef.faure@ynov-super-school.com,password
452,Alex,MARTIN,Alex Martin,alex.martin@ynov-super-school.com,password
453,Sofia,RICHARD,Sofia Richard,sofia.richard@ynov-super-school.com,password
454,Camille,SILVA,C. Silva,camille.silva@ynov-super-school.com,password
455,Hugo,LAURENT,Hugo Laurent,hugo.laurent@ynov-super-school.com,password
456,Ethan,ROUSSEAU,E. Rousseau,ethan.rousseau@ynov-super-school.com,password
458,Diego,ROUSSEAU,Rousseau Diego,diego.rousseau@ynov-super-school.com,password
459,Sarah,ROSSI,Sarah R.,sarah.rossi@ynov-super-school.com,password
460,Isabella,LEROY,Leroy Isabella,isabella.leroy@ynov-super-school.com,password
461,Luc,SILVA,luc silva,luc.silva@ynov-super-school.com,password
462,Lena,MOREAU,Lena Moreau,lena.moreau@ynov-super-school.com,password
463,Chloe,MOREAU,chloe moreau,chloe.moreau@ynov-super-school.com,password
464,Liam,BERNARD,Liam Bernard,liam.bernard@ynov-super-school.com,password
465,Mateo,LEROY,Mat3o L3roy,mateo.leroy@ynov-super-school.com,password
466,Casey,ROSSI,casey rossi,casey.rossi@ynov-super-school.com,password
468,Lucas,ROBERT,LUCAS ROBERT,lucas.robert@ynov-super-school.com,password
469,Noah,ROSSI,Noah Rossi,noah.rossi@ynov-super-school.com,password
470,Mohamed,MOREAU,Moreau Mohamed,mohamed.moreau@ynov-super-school.com,password
471,Ethan,BIANCHI,ethan bianchi,ethan.bianchi@ynov-super-school.com,password
472,Diego,ANDRE,D. Andre,diego.andre@ynov-super-school.com,password
473,Sofia,BERNARD,Sofia Bernard,sofia.bernard@ynov-super-school.com,password
474,Mateo,LAURENT,mateo laurent,mateo.laurent@ynov-super-school.com,password
475,Liam,ROUSSEAU,Liam Rouss3au,liam.rousseau@ynov-super-school.com,password
476,Lucas,LAURENT,Lucas Laurent,lucas.laurent@ynov-super-school.com,password
477,Eric,SILVA,Eric Silva,eric.silva@ynov-super-school.com,password
480,Jordan,CLEMENT,Jordan,jordan.clement@ynov-super-school.com,password
481,Sofia,SILVA,Sofia,sofia.silva@ynov-super-school.com,password
482,Jamie,LOPEZ,Jami3 Lop3z,jamie.lopez@ynov-super-school.com,password
485,Sofia,MOREL,SOFIA MOREL,sofia.morel@ynov-super-school.com,password
487,Paul,PETIT,Paul P.,paul.petit@ynov-super-school.com,password
489,Mohamed,BERNARD,mohamed bernard,mohamed.bernard@ynov-super-school.com,password
492,Olivia,LOPEZ,Olivia,olivia.lopez@ynov-super-school.com,password
493,Jordan,THOMAS,Jordan T.,jordan.thomas@ynov-super-school.com,password
495,Olivia,LAURENT,Olivia,olivia.laurent@ynov-super-school.com,password
496,Chris,RICHARD,Chris,chris.richard@ynov-super-school.com,password
497,Casey,CLEMENT,C. Clement,casey.clement@ynov-super-school.com,password
498,Julie,ANDRE,julie andre,julie.andre@ynov-super-school.com,password
499,Ava,SCHMIDT,Ava Schmidt,ava.schmidt@ynov-super-school.com,password
501,Diego,GARNIER,Diego G.,diego.garnier@ynov-super-school.com,password
502,Ana,KIM,Ana K.,ana.kim@ynov-super-school.com,password
503,Ana,LAURENT,ana laurent,ana.laurent@ynov-super-school.com,password
506,Maya,DURAND,maya durand,maya.durand@ynov-super-school.com,password
507,Maya,ROSSI,Maya,maya.rossi@ynov-super-school.com,password
509,Noah,LOPEZ,noah lopez,noah.lopez@ynov-super-school.com,password
510,Noah,MOREAU,N. Moreau,noah.moreau@ynov-super-school.com,password
511,Chris,PETIT,C. Petit,chris.petit@ynov-super-school.com,password
513,Isabella,MARTIN,Isabella M.,isabella.martin@ynov-super-school.com,password
514,Leo,PHILIPPE,L. Philippe,leo.philippe@ynov-super-school.com,password
515,Julie,FAURE,Juli3 Faur3,julie.faure@ynov-super-school.com,password
516,Ava,MOREL,A. Morel,ava.morel@ynov-super-school.com,password
517,Sofia,DURAND,sofia durand,sofia.durand@ynov-super-school.com,password
518,Liam,LAURENT,Liam Laurent,liam.laurent@ynov-super-school.com,password
520,Lena,MARTIN,Lena Martin,lena.martin@ynov-super-school.com,password
521,Liam,KIM,Liam Kim,liam.kim@ynov-super-school.com,password
523,Ethan,GARCIA,Ethan,ethan.garcia@ynov-super-school.com,password
524,Mateo,BLANC,Blanc Mateo,mateo.blanc@ynov-super-school.com,password
526,Liam,LOPEZ,Lopez Liam,liam.lopez@ynov-super-school.com,password
529,Riley,MARTIN,Riley,riley.martin@ynov-super-school.com,password
530,Jordan,PETIT,jordan petit,jordan.petit@ynov-super-school.com,password
532,Olivia,KIM,Olivia. Kim,olivia.kim@ynov-super-school.com,password
534,Casey,FAURE,casey faure,casey.faure@ynov-super-school.com,password
535,Chloe,SILVA,C. Silva,chloe.silva@ynov-super-school.com,password
537,Carlos,CLEMENT,Carlos C.,carlos.clement@ynov-super-school.com,password
539,Chris,ANDRE,Chris A.,chris.andre@ynov-super-school.com,password
542,Pierre,ANDRE,Pi3rr3 Andr3,pierre.andre@ynov-super-school.com,password
543,Mila,PHILIPPE,MILA PHILIPPE,mila.philippe@ynov-super-school.com,password
545,Olivia,MERCIER,Olivia Mercier,olivia.mercier@ynov-super-school.com,password
546,Alex,BIANCHI,Al3x Bianchi,alex.bianchi@ynov-super-school.com,password
547,Emma,MERCIER,Emma. Mercier,emma.mercier@ynov-super-school.com,password
548,Sam,BIANCHI,Sam,sam.bianchi@ynov-super-school.com,password
549,Lucas,MOREL,Morel Lucas,lucas.morel@ynov-super-school.com,password
550,Diego,LOPEZ,Diego Lopez,diego.lopez@ynov-super-school.com,password
552,Emma,PETIT,emma petit,emma.petit@ynov-super-school.com,password
553,Ethan,BLANC,ethan blanc,ethan.blanc@ynov-super-school.com,password
554,Youssef,MARTIN,YOUSSEF MARTIN,youssef.martin@ynov-super-school.com,password
555,Mohamed,ROUSSEAU,Mohamed Rousseau,mohamed.rousseau@ynov-super-school.com,password
556,Julie,LEROY,J. Leroy,julie.leroy@ynov-super-school.com,password
557,Pierre,GARCIA,Pierre,pierre.garcia@ynov-super-school.com,password
559,Leo,LEROY,Leo Leroy,leo.leroy@ynov-super-school.com,password
560,Julie,SILVA,Julie Silva,julie.silva@ynov-super-school.com,password
561,Youssef,LAURENT,Youssef,youssef.laurent@ynov-super-school.com,password
562,Camille,MULLER,Camille Muller,camille.muller@ynov-super-school.com,password
563,Isabella,DURAND,Isabella Durand,isabella.durand@ynov-super-school.com,password
565,Pierre,MOREAU,PIERRE MOREAU,pierre.moreau@ynov-super-school.com,password
566,Pierre,BERNARD,Pierre B.,pierre.bernard@ynov-super-school.com,password
567,Camille,KOVACS,Kovacs Camille,camille.kovacs@ynov-super-school.com,password
568,Carlos,MULLER,Carlos Muller,carlos.muller@ynov-super-school.com,password
571,Julie,DURAND,Julie Durand,julie.durand@ynov-super-school.com,password
572,Mateo,GIRARD,Mat3o Girard,mateo.girard@ynov-super-school.com,password
573,Antoine,ANDRE,antoine andre,antoine.andre@ynov-super-school.com,password
574,Youssef,LOPEZ,Lopez Youssef,youssef.lopez@ynov-super-school.com,password
575,Ana,BIANCHI,A. Bianchi,ana.bianchi@ynov-super-school.com,password
578,Jamie,KIM,Jamie Kim,jamie.kim@ynov-super-school.com,password
580,Youssef,BERNARD,Y. Bernard,youssef.bernard@ynov-super-school.com,password
581,Alex,LOPEZ,Alex L.,alex.lopez@ynov-super-school.com,password
584,Leo,LAURENT,L3o Laur3nt,leo.laurent@ynov-super-school.com,password
585,Isabella,PHILIPPE,ISABELLA PHILIPPE,isabella.philippe@ynov-super-school.com,password
586,Isabella,BLANC,Isab3lla Blanc,isabella.blanc@ynov-super-school.com,password
589,Casey,LOPEZ,Casey Lopez,casey.lopez@ynov-super-school.com,password
591,Sofia,GIRARD,SOFIA GIRARD,sofia.girard@ynov-super-school.com,password
592,Emma,BLANC,EMMA BLANC,emma.blanc@ynov-super-school.com,password
593,Mohamed,MOREL,Mohamed M.,mohamed.morel@ynov-super-school.com,password
594,Hugo,FAURE,Hugo Faure,hugo.faure@ynov-super-school.com,password
595,Isabella,THOMAS,Isab3lla Thomas,isabella.thomas@ynov-super-school.com,password
596,Julien,ROBERT,J. Robert,julien.robert@ynov-super-school.com,password
598,Jamie,KOVACS,Kovacs Jamie,jamie.kovacs@ynov-super-school.com,password
599,Taylor,MOREAU,Moreau Taylor,taylor.moreau@ynov-super-school.com,password
601,Carlos,MOREAU,Carlos Moreau,carlos.moreau@ynov-super-school.com,password
603,Chloe,MULLER,CHLOE MULLER,chloe.muller@ynov-super-school.com,password
606,Riley,FAURE,Riley Faure,riley.faure@ynov-super-school.com,password
607,Maria,MOREL,Maria Mor3l,maria.morel@ynov-super-school.com,password
608,Luc,LEROY,Luc,luc.leroy@ynov-super-school.com,password
609,Isabella,BIANCHI,isabella bianchi,isabella.bianchi@ynov-super-school.com,password
610,Maria,GARNIER,MARIA GARNIER,maria.garnier@ynov-super-school.com,password
611,Lena,KIM,LENA KIM,lena.kim@ynov-super-school.com,password
612,Pierre,KOVACS,P. Kovacs,pierre.kovacs@ynov-super-school.com,password
615,Julien,RICHARD,Julien Richard,julien.richard@ynov-super-school.com,password
617,Pierre,ROSSI,Pierre R.,pierre.rossi@ynov-super-school.com,password
618,Mohamed,SILVA,Moham3d Silva,mohamed.silva@ynov-super-school.com,password
619,Julien,GARNIER,JULIEN GARNIER,julien.garnier@ynov-super-school.com,password
620,Riley,MOREL,Riley M.,riley.morel@ynov-super-school.com,password
621,Sam,THOMAS,sam thomas,sam.thomas@ynov-super-school.com,password
622,Carlos,MERCIER,C. Mercier,carlos.mercier@ynov-super-school.com,password
625,Ana,BERNARD,Ana B3rnard,ana.bernard@ynov-super-school.com,password
626,Diego,KIM,Diego Kim,diego.kim@ynov-super-school.com,password
627,Lena,PHILIPPE,Lena Philippe,lena.philippe@ynov-super-school.com,password
631,Mila,LEROY,Mila L.,mila.leroy@ynov-super-school.com,password
632,Maya,SILVA,Maya,maya.silva@ynov-super-school.com,password
633,Camille,LOPEZ,Camill3 Lop3z,camille.lopez@ynov-super-school.com,password
635,Paul,KOVACS,Paul K.,paul.kovacs@ynov-super-school.com,password
637,Pierre,LOPEZ,Pi3rr3 Lop3z,pierre.lopez@ynov-super-school.com,password
638,Youssef,KOVACS,Youssef,youssef.kovacs@ynov-super-school.com,password
640,Maya,MARTIN,Maya M.,maya.martin@ynov-super-school.com,password
641,Hugo,LOPEZ,HUGO. LOPEZ,hugo.lopez@ynov-super-school.com,password
645,Morgan,FAURE,M. Faure,morgan.faure@ynov-super-school.com,password
646,Leo,SILVA,leo silva,leo.silva@ynov-super-school.com,password
647,Chloe,NAKAMURA,CHLOE NAKAMURA,chloe.nakamura@ynov-super-school.com,password
649,Pierre,SCHMIDT,PIERRE SCHMIDT,pierre.schmidt@ynov-super-school.com,password
650,Jordan,LAURENT,JORDAN LAURENT,jordan.laurent@ynov-super-school.com,password
651,Luc,ROUSSEAU,Rousseau Luc,luc.rousseau@ynov-super-school.com,password
653,Hugo,GIRARD,hugo girard,hugo.girard@ynov-super-school.com,password
654,Julie,MERCIER,julie mercier,julie.mercier@ynov-super-school.com,password
655,Lucas,PETIT,LUCAS PETIT,lucas.petit@ynov-super-school.com,password
656,Lucas,MARTIN,Martin Lucas,lucas.martin@ynov-super-school.com,password
658,Julien,ANDRE,Julien A.,julien.andre@ynov-super-school.com,password
660,Ethan,THOMAS,Ethan Thomas,ethan.thomas@ynov-super-school.com,password
662,Mila,FAURE,Mila,mila.faure@ynov-super-school.com,password
665,Lena,NAKAMURA,L. Nakamura,lena.nakamura@ynov-super-school.com,password
666,Sofia,GARCIA,Sofia,sofia.garcia@ynov-super-school.com,password
667,Maria,PETIT,maria petit,maria.petit@ynov-super-school.com,password
669,Luc,MERCIER,Mercier Luc,luc.mercier@ynov-super-school.com,password
670,Chloe,LOPEZ,CHLOE LOPEZ,chloe.lopez@ynov-super-school.com,password
673,Chloe,ROBERT,CHLOE ROBERT,chloe.robert@ynov-super-school.com,password
676,Hugo,GARNIER,Hugo. Garnier,hugo.garnier@ynov-super-school.com,password
677,Olivia,ROUSSEAU,olivia rousseau,olivia.rousseau@ynov-super-school.com,password
679,Sofia,PHILIPPE,S. Philippe,sofia.philippe@ynov-super-school.com,password
681,Eric,MERCIER,Mercier Eric,eric.mercier@ynov-super-school.com,password
682,Jordan,KIM,jordan kim,jordan.kim@ynov-super-school.com,password
683,Ava,ROSSI,Ava,ava.rossi@ynov-super-school.com,password
684,Youssef,MULLER,Youssef Muller,youssef.muller@ynov-super-school.com,password
685,Sofia,BIANCHI,sofia bianchi,sofia.bianchi@ynov-super-school.com,password
686,Liam,ANDRE,Liam,liam.andre@ynov-super-school.com,password
688,Mateo,ANDRE,Mateo Andre,mateo.andre@ynov-super-school.com,password
689,Mila,GARCIA,Mila Garcia,mila.garcia@ynov-super-school.com,password
693,Ana,DURAND,Ana Durand,ana.durand@ynov-super-school.com,password
695,Jamie,MARTIN,JAMIE MARTIN,jamie.martin@ynov-super-school.com,password
696,Sofia,LEROY,sofia leroy,sofia.leroy@ynov-super-school.com,password
697,Julie,PETIT,Juli3 P3tit,julie.petit@ynov-super-school.com,password
699,Maria,NAKAMURA,Maria Nakamura,maria.nakamura@ynov-super-school.com,password
701,Carlos,KIM,Carlos,carlos.kim@ynov-super-school.com,password
702,Emma,MULLER,Emma Muller,emma.muller@ynov-super-school.com,password
703,Leo,MOREAU,LEO MOREAU,leo.moreau@ynov-super-school.com,password
704,Mohamed,SCHMIDT,Mohamed S.,mohamed.schmidt@ynov-super-school.com,password
705,Sofia,ROSSI,Sofia Rossi,sofia.rossi@ynov-super-school.com,password
711,Isabella,ROUSSEAU,Isabella Rousseau,isabella.rousseau@ynov-super-school.com,password
712,Chris,SCHMIDT,Chris Schmidt,chris.schmidt@ynov-super-school.com,password
713,Camille,PHILIPPE,camille philippe,camille.philippe@ynov-super-school.com,password
717,Mila,MERCIER,Mila Mercier,mila.mercier@ynov-super-school.com,password
718,Julien,MULLER,Julien Muller,julien.muller@ynov-super-school.com,password
721,Alex,ANDRE,Alex A.,alex.andre@ynov-super-school.com,password
723,Maya,RICHARD,M. Richard,maya.richard@ynov-super-school.com,password
724,Taylor,LOPEZ,taylor lopez,taylor.lopez@ynov-super-school.com,password
727,Julie,BERNARD,Julie Bernard,julie.bernard@ynov-super-school.com,password
728,Jamie,DURAND,J. Durand,jamie.durand@ynov-super-school.com,password
733,Julien,FAURE,Julien Faure,julien.faure@ynov-super-school.com,password
734,Antoine,GARCIA,Garcia Antoine,antoine.garcia@ynov-super-school.com,password
736,Ethan,ROSSI,Rossi Ethan,ethan.rossi@ynov-super-school.com,password
737,Riley,NAKAMURA,Nakamura Riley,riley.nakamura@ynov-super-school.com,password
738,Julie,LOPEZ,Lopez. Julie,julie.lopez@ynov-super-school.com,password
739,Morgan,MULLER,Muller Morgan,morgan.muller@ynov-super-school.com,password
740,Youssef,ANDRE,youssef andre,youssef.andre@ynov-super-school.com,password
742,Sam,SILVA,SAM SILVA,sam.silva@ynov-super-school.com,password
743,Antoine,ROBERT,Antoine R.,antoine.robert@ynov-super-school.com,password
746,Antoine,BERNARD,Antoine Bernard,antoine.bernard@ynov-super-school.com,password
747,Antoine,CLEMENT,Antoine. Clement,antoine.clement@ynov-super-school.com,password
748,Luc,DURAND,Luc Durand,luc.durand@ynov-super-school.com,password
749,Camille,MOREAU,Camill3 Mor3au,camille.moreau@ynov-super-school.com,password
750,Mateo,BERNARD,Bernard Mateo,mateo.bernard@ynov-super-school.com,password
754,Jordan,SCHMIDT,Jordan Schmidt,jordan.schmidt@ynov-super-school.com,password
755,Paul,RICHARD,Paul R.,paul.richard@ynov-super-school.com,password
758,Taylor,MULLER,T. Muller,taylor.muller@ynov-super-school.com,password
760,Ethan,ROBERT,Ethan R.,ethan.robert@ynov-super-school.com,password
761,Liam,LEROY,Liam L.,liam.leroy@ynov-super-school.com,password
762,Riley,SCHMIDT,Riley Schmidt,riley.schmidt@ynov-super-school.com,password
763,Ava,PHILIPPE,AVA PHILIPPE,ava.philippe@ynov-super-school.com,password
764,Emma,KOVACS,EMMA KOVACS,emma.kovacs@ynov-super-school.com,password
765,Riley,THOMAS,R. Thomas,riley.thomas@ynov-super-school.com,password
766,Maria,MOREAU,Maria Moreau,maria.moreau@ynov-super-school.com,password
767,Lucas,BERNARD,Lucas Bernard,lucas.bernard@ynov-super-school.com,password
768,Alex,THOMAS,alex thomas,alex.thomas@ynov-super-school.com,password
769,Eric,ROUSSEAU,Rousseau Eric,eric.rousseau@ynov-super-school.com,password
770,Hugo,MERCIER,Hugo Mercier,hugo.mercier@ynov-super-school.com,password
771,Pierre,PHILIPPE,pierre philippe,pierre.philippe@ynov-super-school.com,password
774,Julie,GIRARD,julie girard,julie.girard@ynov-super-school.com,password
776,Taylor,MOREL,Taylor Mor3l,taylor.morel@ynov-super-school.com,password
778,Antoine,GIRARD,ANTOINE GIRARD,antoine.girard@ynov-super-school.com,password
779,Ethan,BERNARD,Ethan,ethan.bernard@ynov-super-school.com,password
780,Ana,GIRARD,Girard Ana,ana.girard@ynov-super-school.com,password
782,Sam,ROSSI,Sam Rossi,sam.rossi@ynov-super-school.com,password
783,Diego,LAURENT,DIEGO LAURENT,diego.laurent@ynov-super-school.com,password
784,Lena,LOPEZ,lena lopez,lena.lopez@ynov-super-school.com,password
786,Mohamed,KOVACS,Mohamed K.,mohamed.kovacs@ynov-super-school.com,password
787,Camille,BLANC,Camille Blanc,camille.blanc@ynov-super-school.com,password
788,Morgan,MOREL,MORGAN MOREL,morgan.morel@ynov-super-school.com,password
789,Ana,MARTIN,A. Martin,ana.martin@ynov-super-school.com,password
790,Chris,LEROY,C. Leroy,chris.leroy@ynov-super-school.com,password
791,Ava,THOMAS,Ava Thomas,ava.thomas@ynov-super-school.com,password
792,Taylor,THOMAS,Taylor,taylor.thomas@ynov-super-school.com,password
795,Pierre,GARNIER,Garnier Pierre,pierre.garnier@ynov-super-school.com,password
796,Ava,GIRARD,Ava Girard,ava.girard@ynov-super-school.com,password
797,Sofia,FAURE,Sofia,sofia.faure@ynov-super-school.com,password
798,Carlos,ANDRE,Carlos,carlos.andre@ynov-super-school.com,password
799,Sarah,BERNARD,Sarah Bernard,sarah.bernard@ynov-super-school.com,password
800,Casey,KOVACS,CASEY KOVACS,casey.kovacs@ynov-super-school.com,password
